---,hair_mesh,hair_material_instance
1,"StaticMesh'/Game/CharacterFootballer/Hairs/hair01.hair01'","MaterialInstanceConstant'/Game/CharacterFootballer/Hairs/m_hair02_Inst.m_hair02_Inst'"
2,"StaticMesh'/Game/CharacterFootballer/Hairs/hair02.hair02'","MaterialInstanceConstant'/Game/CharacterFootballer/Hairs/m_hair02_Inst.m_hair02_Inst'"
3,"StaticMesh'/Game/CharacterFootballer/Hairs/hair03.hair03'","MaterialInstanceConstant'/Game/CharacterFootballer/Hairs/m_hair02_Inst.m_hair02_Inst'"
4,"StaticMesh'/Game/CharacterFootballer/Hairs/hair04.hair04'","MaterialInstanceConstant'/Game/CharacterFootballer/Hairs/m_hair02_Inst.m_hair02_Inst'"
5,"StaticMesh'/Game/CharacterFootballer/Hairs/hair05.hair05'","MaterialInstanceConstant'/Game/CharacterFootballer/Hairs/m_hair02_Inst.m_hair02_Inst'"
6,"StaticMesh'/Game/CharacterFootballer/Hairs/hair06.hair06'","MaterialInstanceConstant'/Game/CharacterFootballer/Hairs/m_hair02_Inst.m_hair02_Inst'"
7,"StaticMesh'/Game/CharacterFootballer/Hairs/hair07.hair07'","MaterialInstanceConstant'/Game/CharacterFootballer/Hairs/m_hair02_Inst.m_hair02_Inst'"
8,"StaticMesh'/Game/CharacterFootballer/Hairs/hair01.hair01'","MaterialInstanceConstant'/Game/CharacterFootballer/Hairs/m_hair02_Inst.m_hair02_Inst'"
9,"StaticMesh'/Game/CharacterFootballer/Hairs/hair01.hair01'","MaterialInstanceConstant'/Game/CharacterFootballer/Hairs/m_hair02_Inst.m_hair02_Inst'"
10,"StaticMesh'/Game/CharacterFootballer/Hairs/hair01.hair01'","MaterialInstanceConstant'/Game/CharacterFootballer/Hairs/m_hair02_Inst.m_hair02_Inst'"
11,"StaticMesh'/Game/CharacterFootballer/Hairs/hair01.hair01'","MaterialInstanceConstant'/Game/CharacterFootballer/Hairs/m_hair02_Inst.m_hair02_Inst'"
12,"StaticMesh'/Game/CharacterFootballer/Hairs/hair01.hair01'","MaterialInstanceConstant'/Game/CharacterFootballer/Hairs/m_hair02_Inst.m_hair02_Inst'"
13,"StaticMesh'/Game/CharacterFootballer/Hairs/hair01.hair01'","MaterialInstanceConstant'/Game/CharacterFootballer/Hairs/m_hair02_Inst.m_hair02_Inst'"
14,"StaticMesh'/Game/CharacterFootballer/Hairs/hair01.hair01'","MaterialInstanceConstant'/Game/CharacterFootballer/Hairs/m_hair02_Inst.m_hair02_Inst'"
15,"StaticMesh'/Game/CharacterFootballer/Hairs/hair01.hair01'","MaterialInstanceConstant'/Game/CharacterFootballer/Hairs/m_hair02_Inst.m_hair02_Inst'"
16,"StaticMesh'/Game/CharacterFootballer/Hairs/hair01.hair01'","MaterialInstanceConstant'/Game/CharacterFootballer/Hairs/m_hair02_Inst.m_hair02_Inst'"
17,"StaticMesh'/Game/CharacterFootballer/Hairs/hair01.hair01'","MaterialInstanceConstant'/Game/CharacterFootballer/Hairs/m_hair02_Inst.m_hair02_Inst'"
18,"StaticMesh'/Game/CharacterFootballer/Hairs/hair01.hair01'","MaterialInstanceConstant'/Game/CharacterFootballer/Hairs/m_hair02_Inst.m_hair02_Inst'"
19,"StaticMesh'/Game/CharacterFootballer/Hairs/hair01.hair01'","MaterialInstanceConstant'/Game/CharacterFootballer/Hairs/m_hair02_Inst.m_hair02_Inst'"
20,"StaticMesh'/Game/CharacterFootballer/Hairs/hair01.hair01'","MaterialInstanceConstant'/Game/CharacterFootballer/Hairs/m_hair02_Inst.m_hair02_Inst'"
21,"StaticMesh'/Game/CharacterFootballer/Hairs/hair01.hair01'","MaterialInstanceConstant'/Game/CharacterFootballer/Hairs/m_hair02_Inst.m_hair02_Inst'"
22,"StaticMesh'/Game/CharacterFootballer/Hairs/hair01.hair01'","MaterialInstanceConstant'/Game/CharacterFootballer/Hairs/m_hair02_Inst.m_hair02_Inst'"
23,"StaticMesh'/Game/CharacterFootballer/Hairs/hair01.hair01'","MaterialInstanceConstant'/Game/CharacterFootballer/Hairs/m_hair02_Inst.m_hair02_Inst'"
24,"StaticMesh'/Game/CharacterFootballer/Hairs/hair01.hair01'","MaterialInstanceConstant'/Game/CharacterFootballer/Hairs/m_hair02_Inst.m_hair02_Inst'"
25,"StaticMesh'/Game/CharacterFootballer/Hairs/hair01.hair01'","MaterialInstanceConstant'/Game/CharacterFootballer/Hairs/m_hair02_Inst.m_hair02_Inst'"
26,"StaticMesh'/Game/CharacterFootballer/Hairs/hair01.hair01'","MaterialInstanceConstant'/Game/CharacterFootballer/Hairs/m_hair02_Inst.m_hair02_Inst'"
